Product_name,Product_Price,Product_Company,Product_Company_url,ProductWarranty_Years,Product_Min_order,Product_Rating,Product_Rating_url,Product_Raters,Product_Raters_url,Product_Feedback,Product_Feedback_url,Product_Name_On_Time_Delivery,Product_Sale,Product_Reviews,Product_Port,Prod_origin_place
Plus Series Switches ,"$1,850.00$2,100.00","Beijing Baochuangchaorui Technology Co., Ltd.",https://bccr.en.alibaba.com/company_profile.html#topnavbar,5,1 Piece,4.9,https://bccr.en.alibaba.com/company_profile/feedback.html,18,https://bccr.en.alibaba.com/company_profile/feedback.html,Good response,https://bccr.en.alibaba.com/company_profile/feedback.html?clusterId=770,90,0,15,Shenzhen / HK,"Guangdong, China"
Plus Series Switches ,"$1,850.00$2,100.00","Beijing Baochuangchaorui Technology Co., Ltd.",https://bccr.en.alibaba.com/company_profile.html#topnavbar,5,1 Piece,4.9,https://bccr.en.alibaba.com/company_profile/feedback.html,18,https://bccr.en.alibaba.com/company_profile/feedback.html,Good response,https://bccr.en.alibaba.com/company_profile/feedback.html?clusterId=770,90,0,15,"China, Shenzhen, Hong Kong, Moscow","Liaoning, China"
Plus Series Switches ,"$1,850.00$2,100.00","Beijing Baochuangchaorui Technology Co., Ltd.",https://bccr.en.alibaba.com/company_profile.html#topnavbar,5,1 Piece,4.9,https://bccr.en.alibaba.com/company_profile/feedback.html,18,https://bccr.en.alibaba.com/company_profile/feedback.html,Good response,https://bccr.en.alibaba.com/company_profile/feedback.html?clusterId=770,90,0,15,"Shanghai, Ningbo, Shenzhen for PoE Extender","Zhejiang, China"
Plus Series Switches ,"$1,850.00$2,100.00","Beijing Baochuangchaorui Technology Co., Ltd.",https://bccr.en.alibaba.com/company_profile.html#topnavbar,5,1 Piece,4.9,https://bccr.en.alibaba.com/company_profile/feedback.html,18,https://bccr.en.alibaba.com/company_profile/feedback.html,Good response,https://bccr.en.alibaba.com/company_profile/feedback.html?clusterId=770,90,0,15,shenzhen,"Guangdong, China"
Plus Series Switches ,"$1,850.00$2,100.00","Beijing Baochuangchaorui Technology Co., Ltd.",https://bccr.en.alibaba.com/company_profile.html#topnavbar,5,1 Piece,4.9,https://bccr.en.alibaba.com/company_profile/feedback.html,18,https://bccr.en.alibaba.com/company_profile/feedback.html,Good response,https://bccr.en.alibaba.com/company_profile/feedback.html?clusterId=770,90,0,15,Shenzhen,"Liaoning, China"
Plus Series Switches ,"$1,850.00$2,100.00","Beijing Baochuangchaorui Technology Co., Ltd.",https://bccr.en.alibaba.com/company_profile.html#topnavbar,5,1 Piece,4.9,https://bccr.en.alibaba.com/company_profile/feedback.html,18,https://bccr.en.alibaba.com/company_profile/feedback.html,Good response,https://bccr.en.alibaba.com/company_profile/feedback.html?clusterId=770,90,0,15,"Shenzhen,China","Guangdong, China"
Plus Series Switches ,"$1,850.00$2,100.00","Beijing Baochuangchaorui Technology Co., Ltd.",https://bccr.en.alibaba.com/company_profile.html#topnavbar,5,1 Piece,4.9,https://bccr.en.alibaba.com/company_profile/feedback.html,18,https://bccr.en.alibaba.com/company_profile/feedback.html,Good response,https://bccr.en.alibaba.com/company_profile/feedback.html?clusterId=770,90,0,15,Shenzhen,"Liaoning, China"
Huawei NE20ES Router,$390.00 ,Beijing Huli Tong Technology Company Limited,https://hulitong.en.alibaba.com/company_profile.html#topnavbar,2,1 Piece,5,https://hulitong.en.alibaba.com/company_profile/feedback.html,13,https://hulitong.en.alibaba.com/company_profile/feedback.html,Great partner,https://hulitong.en.alibaba.com/company_profile/feedback.html?clusterId=874,90,0,15,Shenzhen,"Guangdong, China"
Dot Matrix Impact printer,$100.00$150.00,"Rongta Technology (Xiamen) Group Co., Ltd.",https://rongtatech.en.alibaba.com/company_profile.html#topnavbar,9,1 Unit,4.7,https://rongtatech.en.alibaba.com/company_profile/feedback.html,17,https://rongtatech.en.alibaba.com/company_profile/feedback.html,Fast delivery,https://rongtatech.en.alibaba.com/company_profile/feedback.html?clusterId=577,97,0,15,hong Kong,"Zhejiang, China"
Dot Matrix Impact printer,$100.00$150.00,"Rongta Technology (Xiamen) Group Co., Ltd.",https://rongtatech.en.alibaba.com/company_profile.html#topnavbar,9,1 Unit,4.7,https://rongtatech.en.alibaba.com/company_profile/feedback.html,17,https://rongtatech.en.alibaba.com/company_profile/feedback.html,Fast delivery,https://rongtatech.en.alibaba.com/company_profile/feedback.html?clusterId=577,97,0,15,Shenzhen,"Zhejiang, China"
Dot Matrix Impact printer,$100.00$150.00,"Rongta Technology (Xiamen) Group Co., Ltd.",https://rongtatech.en.alibaba.com/company_profile.html#topnavbar,9,1 Unit,4.7,https://rongtatech.en.alibaba.com/company_profile/feedback.html,17,https://rongtatech.en.alibaba.com/company_profile/feedback.html,Fast delivery,https://rongtatech.en.alibaba.com/company_profile/feedback.html?clusterId=577,97,0,15,shenzhen china,China
Dot Matrix Impact printer,$100.00$150.00,"Rongta Technology (Xiamen) Group Co., Ltd.",https://rongtatech.en.alibaba.com/company_profile.html#topnavbar,9,1 Unit,4.7,https://rongtatech.en.alibaba.com/company_profile/feedback.html,17,https://rongtatech.en.alibaba.com/company_profile/feedback.html,Fast delivery,https://rongtatech.en.alibaba.com/company_profile/feedback.html?clusterId=577,97,0,15,guangzhou,"Guangdong, China"
Dot Matrix Impact printer,$100.00$150.00,"Rongta Technology (Xiamen) Group Co., Ltd.",https://rongtatech.en.alibaba.com/company_profile.html#topnavbar,9,1 Unit,4.7,https://rongtatech.en.alibaba.com/company_profile/feedback.html,17,https://rongtatech.en.alibaba.com/company_profile/feedback.html,Fast delivery,https://rongtatech.en.alibaba.com/company_profile/feedback.html?clusterId=577,97,0,15,shenzhen,China
Dot Matrix Impact printer,$100.00$150.00,"Rongta Technology (Xiamen) Group Co., Ltd.",https://rongtatech.en.alibaba.com/company_profile.html#topnavbar,9,1 Unit,4.7,https://rongtatech.en.alibaba.com/company_profile/feedback.html,17,https://rongtatech.en.alibaba.com/company_profile/feedback.html,Fast delivery,https://rongtatech.en.alibaba.com/company_profile/feedback.html?clusterId=577,97,0,15,Shenzhen,"Guangdong, China"
Dot Matrix Impact printer,$100.00$150.00,"Rongta Technology (Xiamen) Group Co., Ltd.",https://rongtatech.en.alibaba.com/company_profile.html#topnavbar,9,1 Unit,4.7,https://rongtatech.en.alibaba.com/company_profile/feedback.html,17,https://rongtatech.en.alibaba.com/company_profile/feedback.html,Fast delivery,https://rongtatech.en.alibaba.com/company_profile/feedback.html?clusterId=577,97,0,15,shenzhen,China
Dot Matrix Impact printer,$100.00$150.00,"Rongta Technology (Xiamen) Group Co., Ltd.",https://rongtatech.en.alibaba.com/company_profile.html#topnavbar,9,1 Unit,4.7,https://rongtatech.en.alibaba.com/company_profile/feedback.html,17,https://rongtatech.en.alibaba.com/company_profile/feedback.html,Fast delivery,https://rongtatech.en.alibaba.com/company_profile/feedback.html?clusterId=577,97,0,15,hongkong,"Guangdong, China"
 1D Handheld Laser Wireless Barcode Scanner ,$5.00$43.50,"Guangdong Shuangma Technology Co., Ltd.",https://smkj2007.en.alibaba.com/company_profile.html#topnavbar,3,50 Pieces,5,https://smkj2007.en.alibaba.com/company_profile/feedback.html,19,https://smkj2007.en.alibaba.com/company_profile/feedback.html,Customer service,https://smkj2007.en.alibaba.com/company_profile/feedback.html?clusterId=243,95,0,15,hongkong,"Guangdong, China"
 2D Handheld Laser Wireless Barcode Scanner ,$5.00$43.50,"Guangdong Shuangma Technology Co., Ltd.",https://smkj2007.en.alibaba.com/company_profile.html#topnavbar,3,50 Pieces,5,https://smkj2007.en.alibaba.com/company_profile/feedback.html,19,https://smkj2007.en.alibaba.com/company_profile/feedback.html,Customer service,https://smkj2007.en.alibaba.com/company_profile/feedback.html?clusterId=243,95,0,15,Shenzhen,"Liaoning, China"
 3D Handheld Laser Wireless Barcode Scanner ,$5.00$43.50,"Guangdong Shuangma Technology Co., Ltd.",https://smkj2007.en.alibaba.com/company_profile.html#topnavbar,3,50 Pieces,5,https://smkj2007.en.alibaba.com/company_profile/feedback.html,19,https://smkj2007.en.alibaba.com/company_profile/feedback.html,Customer service,https://smkj2007.en.alibaba.com/company_profile/feedback.html?clusterId=243,95,0,15,Shenzhen or Hongkong,China
 4D Handheld Laser Wireless Barcode Scanner ,$5.00$43.50,"Guangdong Shuangma Technology Co., Ltd.",https://smkj2007.en.alibaba.com/company_profile.html#topnavbar,3,50 Pieces,5,https://smkj2007.en.alibaba.com/company_profile/feedback.html,19,https://smkj2007.en.alibaba.com/company_profile/feedback.html,Customer service,https://smkj2007.en.alibaba.com/company_profile/feedback.html?clusterId=243,95,0,15,Shenzhen,"Guangdong, China"
 5D Handheld Laser Wireless Barcode Scanner ,$5.00$43.50,"Guangdong Shuangma Technology Co., Ltd.",https://smkj2007.en.alibaba.com/company_profile.html#topnavbar,3,50 Pieces,5,https://smkj2007.en.alibaba.com/company_profile/feedback.html,19,https://smkj2007.en.alibaba.com/company_profile/feedback.html,Customer service,https://smkj2007.en.alibaba.com/company_profile/feedback.html?clusterId=243,95,0,15,guangzhou,"Liaoning, China"
 6D Handheld Laser Wireless Barcode Scanner ,$5.00$43.50,"Guangdong Shuangma Technology Co., Ltd.",https://smkj2007.en.alibaba.com/company_profile.html#topnavbar,3,50 Pieces,5,https://smkj2007.en.alibaba.com/company_profile/feedback.html,19,https://smkj2007.en.alibaba.com/company_profile/feedback.html,Customer service,https://smkj2007.en.alibaba.com/company_profile/feedback.html?clusterId=243,95,0,15,hongkong,China
 7D Handheld Laser Wireless Barcode Scanner ,$5.00$43.50,"Guangdong Shuangma Technology Co., Ltd.",https://smkj2007.en.alibaba.com/company_profile.html#topnavbar,3,50 Pieces,5,https://smkj2007.en.alibaba.com/company_profile/feedback.html,19,https://smkj2007.en.alibaba.com/company_profile/feedback.html,Customer service,https://smkj2007.en.alibaba.com/company_profile/feedback.html?clusterId=243,95,0,15,hongkong,"Guangdong, China"
  Digital Printer Dye Sublimation ,"$6,300.00$6,800.00","Zhengzhou Audley Digital Control Equipment Co., Ltd.",https://audley.en.alibaba.com/company_profile.html#topnavbar,1,1 Set,4.9,https://audley.en.alibaba.com/company_profile/feedback.html,7,https://audley.en.alibaba.com/company_profile/feedback.html,Customer service,https://audley.en.alibaba.com/company_profile/feedback.html?clusterId=243,72,0,15,Shenzhen,"Guangdong, China"
